"model","avg_delay"
"737-230",12.9564032697548
"737-282",13.6886967263743
"737-236",13.9509830325882
